namn,email,telefon,ort,skickat_datum,notering
Ante Fastigheter,info@antefastigheter.se,0322-408 00,Alingsås,2026-05-18,
Arkblad Fastigheter,kontakt@arkbladfastigheter.se,0706-84 22 09,Alingsås,2026-05-18,
Balder,info@balder.se,0774-49 49 49,Alingsås,2026-05-18,
Ekströms Fastigheter,info@ekstromfastigheter.se,0322-63 63 10,Alingsås,2026-05-18,
JoBe Bostäder,info@jobebostader.se,0322-155 84,Alingsås,,nuvarande hyresvärd
NeoBo,annika.andersson@neobo.se,,Alingsås,2026-05-18,
Plusbo Fastigheter,info@plusbo.se,0322-66 55 42,Alingsås,2026-05-18,
TB Fastigheter,info@tb.se,0322-650 700,Alingsås,2026-05-18,
Västsvenska Hem,info@vastsvenskahem.se,0705-25 54 57,Alingsås,2026-05-18,
